{
    "eta": 0.996,
    "alpha": 11.51,
    "K": [
        0.2130730994781867,
        0.036068055286519705,
        0.032791064388362545,
        0.05300135500618654,
        0.051368761052483974,
        0.047362127133471765,
        0.37783877587520187
    ],
    "L": [
        6.2e-05,
        6.2e-05,
        6.2e-05,
        7.749999999999999e-05,
        7.749999999999999e-05,
        7.749999999999999e-05
    ],
    "n_eff": 2.2,
    "n_g": 4.4,
    "center_wavelength": 1.55e-06
}