{
    "eta": 0.996,
    "alpha": 11.51,
    "K": [
        0.4293691840177706,
        0.07424447466531642,
        0.022279759338722088,
        0.042475544644504495,
        0.054770500564227394,
        0.09823819202636981,
        0.5847194138140037
    ],
    "L": [
        6.2e-05,
        6.2e-05,
        6.2e-05,
        7.749999999999999e-05,
        7.749999999999999e-05,
        7.749999999999999e-05
    ],
    "n_eff": 2.2,
    "n_g": 4.4,
    "center_wavelength": 1.55e-06
}