{
    "eta": 0.996,
    "alpha": 11.51,
    "K": [
        0.07239447381507022,
        0.051468678690120756,
        0.043040401554371374,
        0.013349086169841708,
        0.07852076711498593,
        0.08830222472758122,
        0.34714385314986707
    ],
    "L": [
        6.2e-05,
        6.2e-05,
        6.2e-05,
        7.749999999999999e-05,
        7.749999999999999e-05,
        7.749999999999999e-05
    ],
    "n_eff": 2.2,
    "n_g": 4.4,
    "center_wavelength": 1.55e-06
}