{
    "eta": 0.996,
    "alpha": 11.51,
    "K": [
        0.36343215447955013,
        0.03896469942561597,
        0.03709944543647338,
        0.07086182687780537,
        0.07317869609190328,
        0.06640776417042142,
        0.2955945310387967
    ],
    "L": [
        6.2e-05,
        6.2e-05,
        6.2e-05,
        7.749999999999999e-05,
        7.749999999999999e-05,
        7.749999999999999e-05
    ],
    "n_eff": 2.2,
    "n_g": 4.4,
    "center_wavelength": 1.55e-06
}