{
    "eta": 0.996,
    "alpha": 11.51,
    "K": [
        0.4870115527364359,
        0.0699588340907642,
        0.12990669070523347,
        0.49704122227933184,
        0.29915922837772513,
        0.1194102183815633,
        0.3653048363519899
    ],
    "L": [
        6.2e-05,
        6.2e-05,
        7.749999999999999e-05,
        7.749999999999999e-05,
        7.749999999999999e-05,
        7.749999999999999e-05
    ],
    "n_eff": 2.2,
    "n_g": 4.4,
    "center_wavelength": 1.55e-06
}