{
    "eta": 0.996,
    "alpha": 11.51,
    "K": [
        0.1848459346952364,
        0.04321101164854692,
        0.045331273459393424,
        0.02402582914848177,
        0.07257974790204921,
        0.06091946875229468,
        0.3068449426437651
    ],
    "L": [
        6.2e-05,
        6.2e-05,
        6.2e-05,
        7.749999999999999e-05,
        7.749999999999999e-05,
        7.749999999999999e-05
    ],
    "n_eff": 2.2,
    "n_g": 4.4,
    "center_wavelength": 1.55e-06
}