{
    "eta": 0.996,
    "alpha": 11.51,
    "K": [
        0.3447352414065202,
        0.032444738323986075,
        0.03784931068814034,
        0.061568355321080986,
        0.04392155739086204,
        0.05729743016847182,
        0.27179461951117995
    ],
    "L": [
        6.2e-05,
        6.2e-05,
        6.2e-05,
        7.749999999999999e-05,
        7.749999999999999e-05,
        7.749999999999999e-05
    ],
    "n_eff": 2.2,
    "n_g": 4.4,
    "center_wavelength": 1.55e-06
}