{
    "eta": 0.996,
    "alpha": 11.51,
    "K": [
        0.23970274971128097,
        0.05863564019101915,
        0.0327887416747245,
        0.026768515595266915,
        0.08077957413542082,
        0.05243723583166072,
        0.2985158389298015
    ],
    "L": [
        6.2e-05,
        6.2e-05,
        6.2e-05,
        7.749999999999999e-05,
        7.749999999999999e-05,
        7.749999999999999e-05
    ],
    "n_eff": 2.2,
    "n_g": 4.4,
    "center_wavelength": 1.55e-06
}