{
    "eta": 0.996,
    "alpha": 11.51,
    "K": [
        0.24635300397587032,
        0.055243679273651286,
        0.037937338024733556,
        0.023896125944087524,
        0.07927804628383306,
        0.05661968212394374,
        0.3212819938886757
    ],
    "L": [
        6.2e-05,
        6.2e-05,
        6.2e-05,
        7.749999999999999e-05,
        7.749999999999999e-05,
        7.749999999999999e-05
    ],
    "n_eff": 2.2,
    "n_g": 4.4,
    "center_wavelength": 1.55e-06
}