{
    "eta": 0.996,
    "alpha": 11.51,
    "K": [
        0.22374403227692807,
        0.040403194189087915,
        0.040070499638256776,
        0.05292068145720172,
        0.03292296955251847,
        0.03419177539444678,
        0.3559559175534604
    ],
    "L": [
        6.2e-05,
        6.2e-05,
        6.2e-05,
        7.749999999999999e-05,
        7.749999999999999e-05,
        7.749999999999999e-05
    ],
    "n_eff": 2.2,
    "n_g": 4.4,
    "center_wavelength": 1.55e-06
}