{
    "eta": 0.996,
    "alpha": 11.51,
    "K": [
        0.17601419943478755,
        0.03738990141144999,
        0.047869902661481646,
        0.02587430398968104,
        0.06876343743743613,
        0.052057269517151845,
        0.3346952111112985
    ],
    "L": [
        6.2e-05,
        6.2e-05,
        6.2e-05,
        7.749999999999999e-05,
        7.749999999999999e-05,
        7.749999999999999e-05
    ],
    "n_eff": 2.2,
    "n_g": 4.4,
    "center_wavelength": 1.55e-06
}