{
    "eta": 0.996,
    "alpha": 11.51,
    "K": [
        0.4927437705892273,
        0.06862410113771081,
        0.031685748057844715,
        0.031221262656354287,
        0.03747865490614873,
        0.070830209092308,
        0.3207929479547967
    ],
    "L": [
        6.2e-05,
        6.2e-05,
        6.2e-05,
        7.749999999999999e-05,
        7.749999999999999e-05,
        7.749999999999999e-05
    ],
    "n_eff": 2.2,
    "n_g": 4.4,
    "center_wavelength": 1.55e-06
}