{
    "eta": 0.996,
    "alpha": 11.51,
    "K": [
        0.32210521735353687,
        0.03325962389419936,
        0.049552775670835124,
        0.03109757936996271,
        0.053266129165590606,
        0.0657054343891652,
        0.27571007630836125
    ],
    "L": [
        6.2e-05,
        6.2e-05,
        6.2e-05,
        7.749999999999999e-05,
        7.749999999999999e-05,
        7.749999999999999e-05
    ],
    "n_eff": 2.2,
    "n_g": 4.4,
    "center_wavelength": 1.55e-06
}