{
    "eta": 0.996,
    "alpha": 11.51,
    "K": [
        0.2864091401906866,
        0.07101545609259646,
        0.05037699560595728,
        0.02005832896938492,
        0.0663155195623417,
        0.07268399383778154,
        0.34279802440280244
    ],
    "L": [
        6.2e-05,
        6.2e-05,
        6.2e-05,
        7.749999999999999e-05,
        7.749999999999999e-05,
        7.749999999999999e-05
    ],
    "n_eff": 2.2,
    "n_g": 4.4,
    "center_wavelength": 1.55e-06
}