{
    "eta": 0.996,
    "alpha": 11.51,
    "K": [
        0.4139614369255579,
        0.08197048564631128,
        0.02067099006094457,
        0.03223010606636196,
        0.04838151474920546,
        0.0950605813651196,
        0.5646710563018097
    ],
    "L": [
        6.2e-05,
        6.2e-05,
        6.2e-05,
        7.749999999999999e-05,
        7.749999999999999e-05,
        7.749999999999999e-05
    ],
    "n_eff": 2.2,
    "n_g": 4.4,
    "center_wavelength": 1.55e-06
}