{
    "eta": 0.996,
    "alpha": 11.51,
    "K": [
        0.23214556220115223,
        0.04888719062389353,
        0.04118293399081908,
        0.018171625097246385,
        0.08771169792369846,
        0.058382110991925834,
        0.19029570483520855
    ],
    "L": [
        6.2e-05,
        6.2e-05,
        6.2e-05,
        7.749999999999999e-05,
        7.749999999999999e-05,
        7.749999999999999e-05
    ],
    "n_eff": 2.2,
    "n_g": 4.4,
    "center_wavelength": 1.55e-06
}