{
    "eta": 0.996,
    "alpha": 11.51,
    "K": [
        0.37085103102474715,
        0.04513706147219892,
        0.03654887830319358,
        0.039476260874805796,
        0.03470642924831098,
        0.08984141585821384,
        0.34931914792588
    ],
    "L": [
        6.2e-05,
        6.2e-05,
        6.2e-05,
        7.749999999999999e-05,
        7.749999999999999e-05,
        7.749999999999999e-05
    ],
    "n_eff": 2.2,
    "n_g": 4.4,
    "center_wavelength": 1.55e-06
}