{
    "eta": 0.996,
    "alpha": 11.51,
    "K": [
        0.14009713752320496,
        0.0368332818078788,
        0.03633829609274123,
        0.04438025749336861,
        0.042833393008060154,
        0.054214450889965515,
        0.4282066131876585
    ],
    "L": [
        6.2e-05,
        6.2e-05,
        6.2e-05,
        7.749999999999999e-05,
        7.749999999999999e-05,
        7.749999999999999e-05
    ],
    "n_eff": 2.2,
    "n_g": 4.4,
    "center_wavelength": 1.55e-06
}