{
    "eta": 0.996,
    "alpha": 11.51,
    "K": [
        0.26145216256915077,
        0.051017509261551026,
        0.0323562441032195,
        0.034232768331873796,
        0.07665156549379762,
        0.041296208424819875,
        0.23586175729124828
    ],
    "L": [
        6.2e-05,
        6.2e-05,
        6.2e-05,
        7.749999999999999e-05,
        7.749999999999999e-05,
        7.749999999999999e-05
    ],
    "n_eff": 2.2,
    "n_g": 4.4,
    "center_wavelength": 1.55e-06
}