{
    "eta": 0.996,
    "alpha": 11.51,
    "K": [
        0.2607858905492422,
        0.043262935183661706,
        0.03966075381154514,
        0.04153693580186287,
        0.06529551376197042,
        0.04806989914404945,
        0.3162771246706201
    ],
    "L": [
        6.2e-05,
        6.2e-05,
        6.2e-05,
        7.749999999999999e-05,
        7.749999999999999e-05,
        7.749999999999999e-05
    ],
    "n_eff": 2.2,
    "n_g": 4.4,
    "center_wavelength": 1.55e-06
}