{
    "eta": 0.996,
    "alpha": 11.51,
    "K": [
        0.27806257093196374,
        0.06128824651322967,
        0.2827038560027707,
        0.8479268622172553,
        0.291903801610227,
        0.12404507589921032,
        0.6085822926328674
    ],
    "L": [
        6.2e-05,
        6.2e-05,
        6.2e-05,
        6.2e-05,
        7.749999999999999e-05,
        7.749999999999999e-05
    ],
    "n_eff": 2.2,
    "n_g": 4.4,
    "center_wavelength": 1.55e-06
}