{
    "eta": 0.996,
    "alpha": 11.51,
    "K": [
        0.21087007353534556,
        0.050739023610322675,
        0.041647184453223914,
        0.02718450471116609,
        0.06675437537067651,
        0.060214493631953914,
        0.28419721179760543
    ],
    "L": [
        6.2e-05,
        6.2e-05,
        6.2e-05,
        7.749999999999999e-05,
        7.749999999999999e-05,
        7.749999999999999e-05
    ],
    "n_eff": 2.2,
    "n_g": 4.4,
    "center_wavelength": 1.55e-06
}