{
    "eta": 0.996,
    "alpha": 11.51,
    "K": [
        0.2607391918498254,
        0.038720637058256,
        0.044588138912445806,
        0.029114842428383934,
        0.0636094800456775,
        0.05461712363472874,
        0.2853544957263146
    ],
    "L": [
        6.2e-05,
        6.2e-05,
        6.2e-05,
        7.749999999999999e-05,
        7.749999999999999e-05,
        7.749999999999999e-05
    ],
    "n_eff": 2.2,
    "n_g": 4.4,
    "center_wavelength": 1.55e-06
}