{
    "eta": 0.996,
    "alpha": 11.51,
    "K": [
        0.24581175670991195,
        0.06566537470614935,
        0.07354491162566498,
        0.053725671569435945,
        0.028323089723051247,
        0.0427349734144178,
        0.424167949998419
    ],
    "L": [
        6.2e-05,
        6.2e-05,
        6.2e-05,
        7.749999999999999e-05,
        7.749999999999999e-05,
        7.749999999999999e-05
    ],
    "n_eff": 2.2,
    "n_g": 4.4,
    "center_wavelength": 1.55e-06
}