{
    "eta": 0.996,
    "alpha": 11.51,
    "K": [
        0.27281412272599553,
        0.040591619750747085,
        0.049246427105910255,
        0.033490897981992174,
        0.05219732656340165,
        0.06139513574986807,
        0.2779487966111351
    ],
    "L": [
        6.2e-05,
        6.2e-05,
        6.2e-05,
        7.749999999999999e-05,
        7.749999999999999e-05,
        7.749999999999999e-05
    ],
    "n_eff": 2.2,
    "n_g": 4.4,
    "center_wavelength": 1.55e-06
}