{
    "eta": 0.996,
    "alpha": 11.51,
    "K": [
        0.23891949286665445,
        0.050117337067790466,
        0.036380201147538094,
        0.027652890133237143,
        0.06429682741566782,
        0.0843874702404187,
        0.370118942754332
    ],
    "L": [
        6.2e-05,
        6.2e-05,
        6.2e-05,
        7.749999999999999e-05,
        7.749999999999999e-05,
        7.749999999999999e-05
    ],
    "n_eff": 2.2,
    "n_g": 4.4,
    "center_wavelength": 1.55e-06
}