{
    "eta": 0.996,
    "alpha": 11.51,
    "K": [
        0.32910875947635354,
        0.13039501988817936,
        0.315407068183576,
        0.2826944255387703,
        0.08233984908550596,
        0.09455928798864854,
        0.5560655908529366
    ],
    "L": [
        6.2e-05,
        6.2e-05,
        6.2e-05,
        7.749999999999999e-05,
        7.749999999999999e-05,
        7.749999999999999e-05
    ],
    "n_eff": 2.2,
    "n_g": 4.4,
    "center_wavelength": 1.55e-06
}