{
    "eta": 0.996,
    "alpha": 11.51,
    "K": [
        0.3490376715589815,
        0.01678323211683838,
        0.04878359740257737,
        0.047616775131881756,
        0.04766556611075593,
        0.04458935991809884,
        0.3904200538831119
    ],
    "L": [
        6.2e-05,
        6.2e-05,
        6.2e-05,
        7.749999999999999e-05,
        7.749999999999999e-05,
        7.749999999999999e-05
    ],
    "n_eff": 2.2,
    "n_g": 4.4,
    "center_wavelength": 1.55e-06
}