{
    "eta": 0.996,
    "alpha": 11.51,
    "K": [
        0.32686318683283194,
        0.030243008455388475,
        0.026536363238734144,
        0.047783089105063355,
        0.051881996162319755,
        0.051816547377915564,
        0.20759738852225515
    ],
    "L": [
        6.2e-05,
        6.2e-05,
        6.2e-05,
        7.749999999999999e-05,
        7.749999999999999e-05,
        7.749999999999999e-05
    ],
    "n_eff": 2.2,
    "n_g": 4.4,
    "center_wavelength": 1.55e-06
}