{
    "eta": 0.996,
    "alpha": 11.51,
    "K": [
        0.22699818882506018,
        0.040256888897914775,
        0.04390659509738927,
        0.02214874184783015,
        0.07661506546646349,
        0.05398876932508924,
        0.1948825016105282
    ],
    "L": [
        6.2e-05,
        6.2e-05,
        6.2e-05,
        7.749999999999999e-05,
        7.749999999999999e-05,
        7.749999999999999e-05
    ],
    "n_eff": 2.2,
    "n_g": 4.4,
    "center_wavelength": 1.55e-06
}