{
    "eta": 0.996,
    "alpha": 11.51,
    "K": [
        0.5041433390395369,
        0.08470498504091561,
        0.025820485923315817,
        0.05074836854118109,
        0.05255333826694675,
        0.11971123577840159,
        0.6725003353739993
    ],
    "L": [
        6.2e-05,
        6.2e-05,
        6.2e-05,
        7.749999999999999e-05,
        7.749999999999999e-05,
        7.749999999999999e-05
    ],
    "n_eff": 2.2,
    "n_g": 4.4,
    "center_wavelength": 1.55e-06
}